Date,Transaction,ISIN,Name,Total,Summe,Quantity,Ticker,Asset Type
2024-02-10T10:00:00,BUY,XF000BTC0001,Bitcoin,-4200.00,-4201.00,0.10000000,BTC-USD,Crypto
2024-08-15T14:30:00,BUY,XF000BTC0001,Bitcoin,-2550.00,-2551.00,0.05000000,BTC-USD,Crypto
2025-06-20T18:00:00,SELL,XF000BTC0001,Bitcoin,1800.00,1799.00,0.02000000,BTC-USD,Crypto
2026-06-12T09:15:00,BUY,XF000BTC0001,Bitcoin,-1100.00,-1101.00,0.01200000,BTC-USD,Crypto
2025-12-01T12:00:00,BUY,XF000ETH0001,Ethereum,-2100.00,-2101.00,1.00000000,ETH-USD,Crypto
2026-07-03T16:45:00,BUY,XF000ETH0001,Ethereum,-900.00,-901.00,0.30000000,ETH-USD,Crypto
2026-01-12T08:00:00,BUY,US88160R1014,Tesla,-750.00,-751.00,3.00000000,TSLA,Stock
2026-03-18T10:30:00,BUY,US88160R1014,Tesla,-520.00,-521.00,2.00000000,TSLA,Stock
2026-08-01T15:20:00,SELL,US88160R1014,Tesla,310.00,309.00,1.00000000,TSLA,Stock
2025-11-05T11:15:00,BUY,US0378331005,Apple,-950.00,-951.00,5.00000000,AAPL,Stock
2026-04-04T13:00:00,SELL,US0378331005,Apple,420.00,419.00,2.00000000,AAPL,Stock
